wallSec,timeSec,status,enemies,projectiles,displayObjects,health,score,kills,rams,damageTaken
1.02,1.15,running,0,1,95,100,0,0,0,0
2.04,2.18,running,1,6,103,100,0,0,0,0
3.06,3.2,running,1,2,113,100,0,0,0,0
4.07,4.22,running,0,4,119,100,1,1,0,0
5.08,5.22,running,1,6,114,100,1,1,0,0
6.1,6.22,running,1,8,119,100,1,1,0,0
7.12,7.25,running,0,2,131,100,2,2,0,0
8.12,8.25,running,1,1,114,90,2,2,0,10
9.13,9.28,running,1,6,104,90,2,2,0,10
10.14,10.27,running,1,6,110,90,2,2,0,10
11.16,11.3,running,2,6,121,90,2,2,0,10
12.16,12.3,running,2,6,130,90,2,2,0,10
13.18,13.32,running,2,0,124,90,2,2,0,10
14.19,14.32,running,3,1,136,90,2,2,0,10
15.22,15.35,running,2,4,136,90,3,3,0,10
16.23,16.37,running,1,1,137,90,4,4,0,10
17.24,17.38,running,2,4,131,90,4,4,0,10
18.26,18.4,running,2,5,140,90,4,4,0,10
19.27,19.4,running,0,4,141,90,6,6,0,10
20.28,20.4,running,1,2,116,90,6,6,0,10
21.29,21.42,running,0,4,119,90,7,7,0,10
22.31,22.43,running,0,6,95,90,7,7,0,10
23.32,23.47,running,1,6,115,90,7,7,0,10
24.33,24.47,running,1,9,119,90,7,7,0,10
25.34,25.47,running,1,8,122,90,7,7,0,10
26.36,26.5,running,1,1,138,90,8,8,0,10
27.37,27.5,running,1,2,112,90,8,8,0,10
28.39,28.53,running,1,4,119,90,9,9,0,10
29.41,29.53,running,1,7,117,90,9,9,0,10
30.42,30.55,running,1,7,121,90,9,9,0,10
31.5,31.63,running,2,3,120,90,9,9,0,10
32.51,32.65,running,2,4,129,80,9,9,0,20
33.53,33.67,running,1,1,120,80,10,10,0,20
34.54,34.68,running,2,1,121,80,10,10,0,20
35.55,35.68,running,2,2,138,80,10,10,0,20
36.56,36.7,running,1,5,134,80,11,11,0,20
37.58,37.72,running,2,8,124,80,11,11,0,20
38.6,38.73,running,1,7,134,55,11,11,1,45
39.6,39.75,running,1,1,118,55,11,11,1,45
40.61,40.75,running,1,0,126,30,11,11,2,70
41.63,41.77,running,1,5,115,30,11,11,2,70
42.63,42.77,running,0,4,120,30,12,12,2,70
43.65,43.78,running,1,4,108,30,12,12,2,70
44.66,44.78,running,1,8,116,30,12,12,2,70
45.66,45.8,running,1,3,119,30,12,12,2,70
46.67,46.82,running,2,0,115,30,12,12,2,70
47.68,47.82,running,2,2,124,30,12,12,2,70
48.7,48.83,running,2,5,121,30,12,12,2,70
49.71,49.85,running,2,4,136,5,12,12,3,95
50.73,50.87,running,1,3,146,5,13,13,3,95
51.73,51.87,running,1,7,124,5,13,13,3,95
52.74,52.88,running,2,0,115,5,13,13,3,95
53.76,53.9,running,2,2,131,5,13,13,3,95
54.76,54.9,running,2,6,131,5,13,13,3,95
55.78,55.92,running,2,7,127,5,14,14,3,95
56.79,56.93,running,2,6,134,5,14,14,3,95
57.79,57.92,running,2,6,130,5,14,14,3,95
58.8,58.93,running,3,0,130,5,14,14,3,95
59.81,59.95,running,3,0,138,5,14,14,3,95
60.82,60.67,ended,3,0,136,0,14,14,3,105
62.01,1.08,running,0,1,93,100,0,0,0,0
63.03,2.1,running,1,5,102,100,0,0,0,0
64.03,3.12,running,1,2,112,100,0,0,0,0
65.04,4.12,running,0,5,112,100,1,1,0,0
66.06,5.13,running,1,6,111,100,1,1,0,0
67.07,6.15,running,1,9,124,100,1,1,0,0
68.08,7.15,running,0,2,132,100,2,2,0,0
69.08,8.17,running,1,1,110,90,2,2,0,10
70.09,9.17,running,1,6,104,90,2,2,0,10
71.1,10.17,running,1,6,109,90,2,2,0,10
72.1,11.17,running,2,6,121,90,2,2,0,10
73.11,12.18,running,2,6,126,90,2,2,0,10
74.12,13.2,running,2,0,124,90,2,2,0,10
75.13,14.2,running,3,1,132,90,2,2,0,10
76.14,15.22,running,2,4,134,90,3,3,0,10
77.15,16.22,running,1,4,136,90,4,4,0,10
78.16,17.23,running,2,3,131,90,4,4,0,10
79.18,18.25,running,2,6,136,90,4,4,0,10
80.19,19.27,running,2,2,133,90,4,4,0,10
81.21,20.28,running,2,2,135,90,5,5,0,10
82.22,21.28,running,2,5,130,90,5,5,0,10
83.23,22.3,running,1,1,116,90,6,6,0,10
84.24,23.32,running,2,7,122,90,6,6,0,10
85.26,24.33,running,1,5,145,80,7,7,0,20
86.27,25.33,running,1,7,126,80,7,7,0,20
87.28,26.35,running,2,1,124,80,7,7,0,20
88.3,27.37,running,1,1,124,80,8,8,0,20
89.31,28.37,running,1,3,109,80,8,8,0,20
90.31,29.38,running,2,6,122,80,8,8,0,20
91.32,30.4,running,2,5,130,80,8,8,0,20
92.37,31.45,running,1,5,145,80,9,9,0,20
93.38,32.45,running,2,1,127,80,9,9,0,20
94.39,33.47,running,2,0,123,80,9,9,0,20
95.41,34.48,running,2,2,129,80,9,9,0,20
96.42,35.5,running,2,4,126,80,10,10,0,20
97.43,36.5,running,2,3,128,80,10,10,0,20
98.44,37.52,running,3,3,137,80,10,10,0,20
99.46,38.53,running,3,5,142,70,10,10,0,30
100.47,39.55,running,3,1,132,70,10,10,0,30
101.49,40.55,running,4,1,137,60,10,10,0,40
102.51,41.58,running,4,3,145,40,10,10,0,60
103.51,42.58,running,3,5,167,40,11,11,0,60
104.52,43.6,running,3,6,148,5,11,11,1,95
105.53,44.58,running,3,3,147,5,11,11,1,95
106.54,45.62,running,3,0,138,5,11,11,1,95
107.56,45.78,ended,3,0,134,0,11,11,1,105
108.68,1.07,running,0,1,93,100,0,0,0,0
109.69,2.08,running,1,5,102,100,0,0,0,0
110.7,3.08,running,1,2,114,100,0,0,0,0
111.71,4.1,running,0,4,121,100,1,1,0,0
112.71,5.1,running,1,6,112,100,1,1,0,0
113.74,6.1,running,1,8,119,100,1,1,0,0
114.74,7.13,running,0,2,133,100,2,2,0,0
115.75,8.15,running,1,1,113,90,2,2,0,10
116.77,9.17,running,1,6,103,90,2,2,0,10
117.79,10.17,running,1,6,110,90,2,2,0,10
118.81,11.2,running,2,5,121,90,2,2,0,10
119.81,12.2,running,2,6,127,90,2,2,0,10
120.83,13.22,running,2,0,123,90,2,2,0,10
121.84,14.23,running,3,1,133,90,2,2,0,10
122.89,15.28,running,2,4,135,90,3,3,0,10
123.91,16.3,running,1,4,122,90,4,4,0,10
124.92,17.32,running,2,4,134,90,4,4,0,10
125.93,18.32,running,2,6,134,90,4,4,0,10
126.94,19.32,running,2,6,143,90,4,4,0,10
127.94,20.33,running,2,2,136,90,5,5,0,10
128.95,21.33,running,2,2,133,90,5,5,0,10
129.97,22.35,running,1,6,126,65,5,5,1,35
130.98,23.37,running,2,4,126,65,5,5,1,35
131.98,24.37,running,2,7,137,55,5,5,1,45
132.99,25.38,running,1,6,122,55,6,6,1,45
133.99,26.38,running,2,0,124,55,6,6,1,45
135,27.4,running,2,0,122,55,6,6,1,45
136.01,28.38,running,2,3,119,55,6,6,1,45
137.01,29.4,running,3,4,143,55,6,6,1,45
138.02,30.4,running,2,5,147,30,6,6,2,70
139.04,31.43,running,1,6,145,30,7,7,2,70
140.04,32.43,running,2,2,125,30,7,7,2,70
141.14,33.52,running,2,1,124,30,7,7,2,70
142.15,34.52,ended,1,0,122,0,7,7,3,105
143.3,1.08,running,0,1,93,100,0,0,0,0
144.31,2.1,running,1,5,102,100,0,0,0,0
145.32,3.12,running,1,2,113,100,0,0,0,0
146.34,4.13,running,0,4,121,100,1,1,0,0
147.35,5.13,running,1,6,113,100,1,1,0,0
148.37,6.15,running,1,9,124,100,1,1,0,0
149.38,7.17,running,1,2,131,100,1,1,0,0
150.39,8.18,running,1,1,120,90,2,2,0,10
151.41,9.2,running,1,6,103,90,2,2,0,10
152.41,10.18,running,1,6,110,90,2,2,0,10
153.45,11.23,running,2,6,121,90,2,2,0,10
154.46,12.25,running,2,6,128,90,2,2,0,10
155.48,13.27,running,2,1,122,90,2,2,0,10
156.5,14.28,running,3,1,139,90,2,2,0,10
157.51,15.3,running,2,1,134,90,3,3,0,10
158.52,16.3,running,1,1,122,65,3,3,1,35
159.52,17.32,running,2,3,128,65,3,3,1,35
160.53,18.3,running,2,4,127,65,3,3,1,35
161.55,19.33,running,2,7,121,55,3,3,1,45
162.58,20.35,running,2,1,130,45,4,4,1,55
163.6,21.37,running,1,1,123,45,5,5,1,55
164.61,22.4,running,1,3,104,35,5,5,1,65
165.71,23.45,running,2,3,121,35,5,5,1,65
166.76,24.5,running,2,2,127,35,5,5,1,65
167.79,25.57,running,3,1,140,35,5,5,1,65
168.8,26.58,running,2,3,152,35,6,6,1,65
169.83,27.6,running,2,0,126,35,6,6,1,65
170.84,28.62,running,2,1,147,35,7,7,1,65
171.85,29.63,running,2,1,135,35,7,7,1,65
172.86,30.65,running,1,3,130,35,8,8,1,65
173.87,31.65,running,2,2,130,35,8,8,1,65
174.88,32.67,running,2,7,136,35,8,8,1,65
175.89,33.67,running,1,1,123,35,9,9,1,65
176.91,34.7,running,1,0,125,35,10,10,1,65
177.95,35.72,running,1,2,115,35,10,10,1,65
178.96,36.75,running,1,7,112,35,10,10,1,65
179.96,37.75,running,2,6,121,35,10,10,1,65
180.97,38.75,running,2,3,131,35,10,10,1,65
181.97,39.75,running,2,4,141,35,10,10,1,65
