wallSec,timeSec,status,enemies,projectiles,displayObjects,health,score,kills,rams,damageTaken,topUps,rafFrames,rafMaxMs,rafOver16_7,rafOver50
1.02,1.18,running,10,2,246,100,0,0,0,0,10,121,16.7,1,0
2.03,2.18,running,10,3,245,100,0,0,0,0,10,121,9.6,0,0
3.03,3.2,running,10,4,249,75,1,1,1,25,12,121,9.1,0,0
4.05,4.22,running,10,4,244,55,1,1,1,45,12,122,9,0,0
5.07,5.23,running,10,5,256,45,2,2,1,55,13,122,9.3,0,0
6.08,6.23,running,10,8,259,45,2,2,1,55,13,122,8.9,0,0
7.09,7.25,running,10,1,236,25,2,2,1,75,13,121,8.7,0,0
8.1,8.27,running,10,4,257,15,3,3,1,85,14,122,8.9,0,0
9.11,9.13,ended,9,0,236,0,4,4,2,120,15,121,8.8,0,0
10.2,1.05,running,10,2,235,100,0,0,0,0,25,130,16.5,0,0
11.21,2.07,running,10,4,249,100,1,1,0,0,26,122,8.8,0,0
12.22,3.07,running,9,3,257,100,2,2,0,0,26,121,8.7,0,0
13.23,4.08,running,10,7,252,100,2,2,0,0,27,121,8.6,0,0
14.23,5.08,running,10,4,250,75,2,2,1,25,28,121,8.8,0,0
15.24,6.08,running,10,6,258,50,2,2,2,50,29,122,8.5,0,0
16.26,7.1,running,10,2,258,30,2,2,2,70,29,121,8.8,0,0
17.26,8.12,running,10,1,244,10,3,3,2,90,30,121,8.9,0,0
18.27,8.42,ended,10,0,223,0,3,3,2,100,30,121,9.3,0,0
19.36,1.05,running,10,2,224,100,0,0,0,0,40,123,33.2,3,0
20.36,2.05,running,10,4,246,100,0,0,0,0,40,120,16.7,1,0
21.37,3.07,running,10,4,242,100,1,1,0,0,41,120,16.7,1,0
22.38,4.08,running,10,5,262,75,1,1,1,25,42,122,8.8,0,0
23.39,5.08,running,9,4,257,40,2,2,2,60,43,121,8.8,0,0
24.4,6.08,running,10,6,234,30,2,2,2,70,44,121,9.1,0,0
25.41,7.1,running,10,3,241,20,2,2,2,80,44,122,8.7,0,0
26.43,8.12,running,10,4,258,20,3,3,2,80,45,122,9,0,0
27.44,9.13,running,10,5,246,10,4,4,2,90,46,122,8.6,0,0
28.45,9.7,ended,10,0,245,0,4,4,2,100,46,120,16.5,0,0
29.5,1.02,running,10,2,213,100,0,0,0,0,56,127,8.6,0,0
30.51,2.03,running,10,3,246,100,0,0,0,0,56,121,8.7,0,0
31.56,3.07,running,10,5,251,100,1,1,0,0,57,126,8.5,0,0
32.57,4.08,running,10,6,263,100,2,2,0,0,58,121,9,0,0
33.58,5.08,running,10,4,260,80,3,3,0,20,59,122,8.5,0,0
34.59,6.1,running,10,9,248,80,3,3,0,20,59,121,8.6,0,0
35.6,7.12,running,10,2,262,80,4,4,0,20,60,122,8.6,0,0
36.61,8.13,running,10,1,252,80,5,5,0,20,61,121,8.8,0,0
37.63,9.15,running,10,4,243,80,6,6,0,20,62,122,8.5,0,0
38.64,10.15,running,10,5,257,45,7,7,1,55,64,122,8.7,0,0
39.65,11.17,running,10,6,245,25,8,8,1,75,65,121,8.5,0,0
40.66,12.17,running,10,13,254,25,8,8,1,75,65,121,8.8,0,0
41.67,13.18,running,10,5,230,25,8,8,1,75,65,122,8.6,0,0
42.68,13.8,ended,9,0,223,0,9,9,2,100,66,121,16.6,0,0
43.76,1.03,running,10,2,247,100,0,0,0,0,76,129,8.9,0,0
44.77,2.05,running,10,5,257,100,0,0,0,0,76,122,8.5,0,0
45.78,3.07,running,10,3,247,80,1,1,0,20,77,121,8.6,0,0
46.79,4.07,running,10,3,251,45,1,1,1,55,78,122,8.5,0,0
47.8,5.08,running,10,4,239,45,1,1,1,55,78,121,8.7,0,0
48.81,6.1,running,9,6,258,35,2,2,1,65,78,122,8.7,0,0
49.82,7.1,running,10,1,256,10,2,2,2,90,80,121,8.6,0,0
50.82,7.87,ended,10,0,246,0,3,3,2,100,81,121,8.5,0,0
51.89,1.03,running,10,2,235,100,0,0,0,0,91,128,8.9,0,0
52.91,2.05,running,10,3,247,100,0,0,0,0,91,123,8.7,0,0
53.92,3.07,running,10,4,250,100,1,1,0,0,92,121,8.7,0,0
54.93,4.07,running,10,3,246,100,1,1,0,0,92,121,8.8,0,0
55.93,5.07,running,10,6,251,90,1,1,0,10,92,121,8.7,0,0
56.94,6.08,running,10,6,240,45,1,1,1,55,93,121,8.6,0,0
57.95,7.1,running,10,0,218,25,1,1,1,75,93,122,8.6,0,0
58.97,8.1,running,10,1,221,5,1,1,1,95,93,122,8.9,0,0
59.98,8.13,ended,10,0,206,0,1,1,1,105,93,121,8.8,0,0
61.03,1.02,running,10,2,218,100,0,0,0,0,103,127,8.6,0,0
62.07,2.07,running,10,2,253,100,0,0,0,0,103,125,8.6,0,0
63.08,3.07,running,10,6,243,100,0,0,0,0,103,121,9,0,0
